186342	Media Tools	https://pkg.go.dev/github.com/korandiz/v4l
186651	Encoding & Codecs	https://github.com/MasayukiSuda/Mp4Composer-android
187178	General Tools	https://doc.quanteec.com/advanced-topics/drm
186289	Protocols & Transport	https://developer.apple.com/documentation/http-live-streaming/using-apple-s-http-live-streaming-hls-tools
186564	Encoding & Codecs	https://github.com/ffmpegwasm/ffmpeg.wasm
186581	Infrastructure & Delivery	https://github.com/WWBN/AVideo
186592	Players & Clients	https://github.com/josejuanqm/VersaPlayer
186637	Intro & Learning	https://orange.blender.org/
186291	General Tools	https://github.com/eyevinn/http-streaming-samples
186656	Infrastructure & Delivery	https://github.com/mayeaux/nodetube
186323	Players & Clients	https://chrome.google.com/webstore/detail/video-speed-controller/nffaoalbilbmmfgbnbgppjihopabppdk
186398	Encoding & Codecs	https://netflixtechblog.com/per-title-encode-optimization-7e99442b62a2
186666	Protocols & Transport	https://peerjs.com/
186368	Protocols & Transport	https://www.iso.org/standard/75440.html
186477	Media Tools	https://3dlutcreator.com/
186819	Encoding & Codecs	https://videoprocessing.github.io/
186820	Infrastructure & Delivery	https://github.com/feross/simple-peer
186663	Infrastructure & Delivery	https://github.com/ZLMediaKit/ZLMediaKit
186596	Players & Clients	https://github.com/vimeo/PlayerKit
186587	Media Tools	https://www.plex.tv/
186421	Intro & Learning	https://netflixtechblog.com/rebuilding-netflix-video-processing-pipeline-with-microservices-7ed3d6f805bf
186361	General Tools	https://developers.google.com/widevine
186822	Encoding & Codecs	https://github.com/ultravideo/uvg266
186386	Protocols & Transport	https://tsduck.io/
186606	Players & Clients	https://github.com/TalbotGooday/Android-Oembed-Video
